id,state,city,population,latitude,longitude
1,AL,Birmingham,212237,33.52756637730,-86.7988174678
2,AL,Hoover,81619,33.37676027290,-86.8051937568
3,AL,Huntsville,180105,34.69896926710,-86.6387042882
4,AL,Mobile,195111,30.67762486480,-88.1184482714
5,AL,Montgomery,205764,32.34726453330,-86.2677059552
6,AL,Tuscaloosa,90468,33.23360839510,-87.5268004073
7,AK,Anchorage,291826,61.14986873100,-149.111113424
8,AZ,Avondale,76238,33.38583674050,-112.323626619
9,AZ,Chandler,236123,33.28318981000,-111.852210033
10,AZ,Gilbert,208453,33.31014939200,-111.746237467
11,AZ,Glendale,226721,33.57961230890,-112.225306421
12,AZ,Mesa,439041,33.40228373590,-111.718721181
13,AZ,Peoria,154065,33.78472064220,-112.298680584
14,AZ,Phoenix,1445632,33.57241386950,-112.088995222
15,AZ,Scottsdale,217385,33.68724936510,-111.865085877
16,AZ,Surprise,117517,33.68038351770,-112.452218439
17,AZ,Tempe,161719,33.38826403070,-111.931802302
18,AZ,Tucson,520116,32.15672444830,-110.877085494
19,AZ,Yuma,93064,32.59860271170,-114.548368370
20,AR,Fayetteville,73580,36.07121173120,-94.1659600436
21,AR,Fort Smith,86209,35.34916926360,-94.3696317306
22,AR,Jonesboro,67263,35.82081215380,-90.6794991686
23,AR,Little Rock,193524,34.72539578940,-92.3583751863
24,AR,Springdale,69797,36.18699325980,-94.1536274531
25,CA,Alameda,73812,37.76508490310,-122.266489842
26,CA,Alhambra,83089,34.08397343830,-118.135514119
27,CA,Anaheim,336265,33.83890769960,-117.857613481
28,CA,Antioch,102372,37.97770429220,-121.796606971
29,CA,Apple Valley,69135,34.53159849480,-117.211012664
30,CA,Bakersfield,347483,35.35133028550,-119.029786003
31,CA,Baldwin Park,75390,34.08287151900,-117.972100918
32,CA,Bellflower,76616,33.88804179230,-118.127100236
33,CA,Berkeley,112580,37.87256787650,-122.274907975
34,CA,Buena Park,80530,33.85721268440,-118.004517591
35,CA,Burbank,103340,34.18797996050,-118.323429032
36,CA,Carlsbad,105328,33.12480510260,-117.282903303
37,CA,Carson,91714,33.83740830010,-118.255936422
38,CA,Chico,86187,39.75685036680,-121.815983972
39,CA,Chino,77983,33.98358812600,-117.665296584
40,CA,Chino Hills,74799,33.95077454600,-117.725326968
41,CA,Chula Vista,243916,32.62829642620,-117.010042407
42,CA,Citrus Heights,83301,38.69477883420,-121.287991502
43,CA,Clovis,95631,36.82894001790,-119.686652850
44,CA,Compton,96455,33.89296569300,-118.227506568
45,CA,Concord,122067,37.97218103070,-122.001588036
46,CA,Corona,152374,33.86235717870,-117.564224471
47,CA,Costa Mesa,109960,33.66676513530,-117.913504750
48,CA,Daly City,101123,37.68615522760,-122.468298024
49,CA,Downey,111772,33.93786725600,-118.131150116
50,CA,El Cajon,99478,32.80165819210,-116.960483614
51,CA,Elk Grove,153015,38.41599920060,-121.384137762
52,CA,El Monte,113475,34.07391965300,-118.029071951
53,CA,Escondido,143911,33.13469529550,-117.072122618
54,CA,Fairfield,105321,38.25584463430,-122.039303253
55,CA,Folsom,72203,38.67504943280,-121.147605753
56,CA,Fontana,196069,34.09742278330,-117.459241285
57,CA,Fremont,214089,37.52786854050,-121.984121512
58,CA,Fresno,494665,36.78267867110,-119.794126569
59,CA,Fullerton,135161,33.88403780130,-117.927850895
60,CA,Garden Grove,170883,33.77869406350,-117.960111162
61,CA,Glendale,191719,34.18188937300,-118.246766660
62,CA,Hawthorne,84293,33.91466770100,-118.347667728
63,CA,Hayward,144186,37.63295915510,-122.077051051
64,CA,Hemet,78657,33.73522773110,-116.994605005
65,CA,Hesperia,90173,34.39734767730,-117.314392219
66,CA,Huntington Beach,189992,33.69527490770,-118.001810806
67,CA,Indio,76036,33.72980678370,-116.237258141
68,CA,Inglewood,109673,33.95657480180,-118.344444926
69,CA,Irvine,212375,33.67801089040,-117.773633283
70,CA,Lake Forest,77264,33.66341289480,-117.670683341
71,CA,Lakewood,80048,33.84705319410,-118.122204765
72,CA,Lancaster,156633,34.69343470170,-118.175306356
73,CA,Livermore,80968,37.68651013610,-121.764357841
74,CA,Long Beach,462257,33.80601448250,-118.160894146
75,CA,Los Angeles,3792621,34.11822778980,-118.408500088
76,CA,Lynwood,69772,33.92396168670,-118.201648375
77,CA,Manteca,67096,37.79619251020,-121.231230612
78,CA,Menifee,77519,33.69095330450,-117.184876990
79,CA,Merced,78958,37.30558632170,-120.477710571
80,CA,Milpitas,66790,37.43386976300,-121.892083025
81,CA,Mission Viejo,93305,33.60959768910,-117.655029608
82,CA,Modesto,201165,37.66154782210,-120.988548061
83,CA,Moreno Valley,193365,33.92443141120,-117.204501895
84,CA,Mountain View,74066,37.39992523790,-122.079544343
85,CA,Murrieta,103466,33.57197433560,-117.190921143
86,CA,Napa,76915,38.29804246490,-122.301093331
87,CA,Newport Beach,85186,33.61501036070,-117.867364631
88,CA,Norwalk,105549,33.90688082280,-118.082915204
89,CA,Oakland,390724,37.79087803500,-122.214859257
90,CA,Oceanside,167086,33.22474574740,-117.308200285
91,CA,Ontario,163924,34.03926494640,-117.606427103
92,CA,Orange,136416,33.80464195670,-117.823185500
93,CA,Oxnard,197899,34.19592377310,-119.181876570
94,CA,Palmdale,152750,34.59448998030,-118.105772328
95,CA,Pasadena,137122,34.15976348060,-118.138921644
96,CA,Perris,68386,33.78973460940,-117.223291831
97,CA,Pleasanton,70285,37.66560921710,-121.880775002
98,CA,Pomona,149058,34.05850263660,-117.762551658
99,CA,Rancho Cucamonga,165269,34.12458955550,-117.566175870
100,CA,Redding,89861,40.56975912710,-122.365026322
101,CA,Redlands,68747,34.05113153170,-117.170935294
102,CA,Redondo Beach,66748,33.85752801590,-118.376567893
103,CA,Redwood City,76815,37.50091452760,-122.224767617
104,CA,Rialto,99171,34.11281580890,-117.388535978
105,CA,Richmond,103701,37.94797103650,-122.336803759
106,CA,Riverside,303871,33.93812516850,-117.394845824
107,CA,Roseville,118788,38.76575161820,-121.302847708
108,CA,Sacramento,466488,38.56663215670,-121.468299801
109,CA,Salinas,150441,36.68891743210,-121.631811961
110,CA,San Bernardino,209924,34.13923228440,-117.295272732
111,CA,San Buenaventura (Ventura),106433,34.27436102060,-119.231436551
112,CA,San Diego,1307402,32.83556394180,-117.119792061
113,CA,San Francisco,805235,37.75591366110,-122.440987876
114,CA,San Jose,945942,37.30039631760,-121.847228423
115,CA,San Leandro,84950,37.70742992620,-122.159061655
116,CA,San Marcos,83781,33.13496598600,-117.174363098
117,CA,San Mateo,97207,37.55182268930,-122.312390346
118,CA,San Ramon,72148,37.76237054620,-121.938150371
119,CA,Santa Ana,324528,33.73669484190,-117.881890237
120,CA,Santa Barbara,88410,34.42857338740,-119.720187334
121,CA,Santa Clara,116468,37.36461975040,-121.967932117
122,CA,Santa Clarita,176320,34.41190391850,-118.503504698
123,CA,Santa Maria,99553,34.93337357570,-120.443326954
124,CA,Santa Monica,89736,34.02318916120,-118.481563937
125,CA,Santa Rosa,167815,38.44644231020,-122.706005935
126,CA,Simi Valley,124237,34.26624628570,-118.748980462
127,CA,South Gate,94396,33.94473226640,-118.192550525
128,CA,Stockton,291707,37.97663226790,-121.311121669
129,CA,Sunnyvale,140081,37.38344165660,-122.025624324
130,CA,Temecula,100097,33.50299808840,-117.122390280
131,CA,Thousand Oaks,126683,34.19177456550,-118.874888411
132,CA,Torrance,145438,33.83459854640,-118.341641983
133,CA,Tracy,82922,37.72432773750,-121.444621463
134,CA,Turlock,68549,37.50521582710,-120.858762412
135,CA,Tustin,75540,33.73085203260,-117.810730968
136,CA,Union City,69516,37.60283908120,-122.018966106
137,CA,Upland,73732,34.11784457010,-117.660290062
138,CA,Vacaville,92428,38.35972350630,-121.969030460
139,CA,Vallejo,115942,38.11353292470,-122.235518478
140,CA,Victorville,115903,34.52776911030,-117.353855136
141,CA,Visalia,124442,36.32706231570,-119.325273214
142,CA,Vista,93834,33.18954819780,-117.238607217
143,CA,West Covina,106098,34.05544151740,-117.911282060
144,CA,Westminster,89701,33.75215237690,-117.993760054
145,CA,Whittier,85331,33.96782555960,-118.018796341
146,CO,Arvada,106433,39.83082632930,-105.146327974
147,CO,Aurora,325078,39.70915947810,-104.726526621
148,CO,Boulder,97385,40.02755104940,-105.251517760
149,CO,Centennial,100377,39.59287207300,-104.867986891
150,CO,Colorado Springs,416427,38.86727480770,-104.760664479
151,CO,Denver,600158,39.76202837430,-104.876365322
152,CO,Fort Collins,143986,40.54877589240,-105.065904872
153,CO,Greeley,92889,40.41413695210,-104.771170982
154,CO,Lakewood,142980,39.69767344620,-105.116965444
155,CO,Longmont,86270,40.16951647080,-105.101951060
156,CO,Loveland,66859,40.41656937580,-105.061758435
157,CO,Pueblo,106595,38.27339572510,-104.612001218
158,CO,Thornton,118772,39.91939941880,-104.944956758
159,CO,Westminster,106114,39.88385114750,-105.062645316
160,CT,Bridgeport,144229,41.19280542330,-73.1960546940
161,CT,Danbury,80893,41.40158986060,-73.4709386820
162,CT,Hartford,124775,41.76607064190,-72.6834012389
163,CT,New Britain,73206,41.67592265400,-72.7861630705
164,CT,New Haven,129779,41.31138693920,-72.9247595793
165,CT,Norwalk,85603,41.11756316820,-73.4224513123
166,CT,Stamford,122643,41.10491450130,-73.5589363142
167,CT,Waterbury,110366,41.55824432660,-73.0361298320
168,DE,Wilmington,70851,39.74127482270,-75.5418960925
169,DC,Washington,601723,38.90992414260,-77.0147205666
170,FL,Boca Raton,84392,26.37490127150,-80.1078208861
171,FL,Boynton Beach,68217,26.52798180520,-80.0814660417
172,FL,Cape Coral,154305,26.64485449930,-81.9931108298
173,FL,Clearwater,107685,27.98059979190,-82.7544099135
174,FL,Coral Springs,121096,26.27017001580,-80.2592221493
175,FL,Davie,91992,26.07893407780,-80.2869750311
176,FL,Deerfield Beach,75018,26.30499664130,-80.1277706584
177,FL,Deltona,85182,28.90506004800,-81.2134269839
178,FL,Fort Lauderdale,165521,26.14182051740,-80.1471225502
179,FL,Gainesville,124354,29.68170274310,-82.3452782660
180,FL,Hialeah,224669,25.86962694800,-80.3045294666
181,FL,Hollywood,140768,26.02870257030,-80.1683976059
182,FL,Jacksonville,821784,30.33198201390,-81.6752266207
183,FL,Lakeland,97422,28.05584826640,-81.9539536462
184,FL,Largo,77648,27.90909077340,-82.7714203383
185,FL,Lauderhill,66887,26.16055841870,-80.2241278263
186,FL,Melbourne,76068,28.11588057820,-80.6508814613
187,FL,Miami,399457,25.78229589700,-80.2215647762
188,FL,Miami Beach,87779,25.81671016140,-80.1341952652
189,FL,Miami Gardens,107167,25.94326338710,-80.2425332162
190,FL,Miramar,122041,25.97732882330,-80.3357316003
191,FL,Orlando,238300,28.48006467710,-81.3452411179
192,FL,Palm Bay,103190,27.98382552490,-80.6666722846
193,FL,Palm Coast,75180,29.54055909760,-81.2508206143
194,FL,Pembroke Pines,154750,26.01273875340,-80.3384522664
195,FL,Plantation,84955,26.12598539230,-80.2616762465
196,FL,Pompano Beach,99845,26.24283356990,-80.1312451610
197,FL,Port St. Lucie,164603,27.28086803080,-80.3832154574
198,FL,St. Petersburg,244769,27.79289497100,-82.6650743239
199,FL,Sunrise,84439,26.15468783030,-80.2998411020
200,FL,Tallahassee,181376,30.45489512110,-84.2526459938
201,FL,Tampa,335709,27.99619804100,-82.4450349799
202,FL,West Palm Beach,99919,26.74787146550,-80.1337397544
203,GA,Albany,77434,31.57760367660,-84.1763240815
204,GA,Athens,115452,33.95081706830,-83.3689417445
205,GA,Atlanta,420003,33.76265246830,-84.4231419055
206,GA,Augusta,195844,33.36445615270,-82.0708396775
207,GA,Columbus,189885,32.50996148520,-84.8770410586
208,GA,Johns Creek,76728,34.03329919980,-84.2027195506
209,GA,Macon,91351,32.83204176920,-83.6495823768
210,GA,Roswell,88346,34.03913845830,-84.3512225277
211,GA,Sandy Springs,93853,33.93666698670,-84.3703197084
212,GA,Savannah,136286,32.02836151570,-81.1783435493
213,GA,Warner Robins,66588,32.59851136090,-83.6530271267
214,HI,Honolulu,953207,21.45880393050,-157.973296737
215,ID,Boise City,205671,43.59843438970,-116.230885189
216,ID,Meridian,75092,43.61851953830,-116.397584870
217,ID,Nampa,81557,43.58293156810,-116.564145085
218,IL,Arlington Heights,75101,42.09562334200,-87.9825627457
219,IL,Aurora,197899,41.76377508370,-88.2900949057
220,IL,Bloomington,76610,40.47567783660,-88.9700813515
221,IL,Bolingbrook,73366,41.69116539080,-88.1011218035
222,IL,Champaign,81055,40.11510513610,-88.2729845986
223,IL,Chicago,2695598,41.83729506150,-87.6862308732
224,IL,Cicero,83891,41.84453914300,-87.7592873023
225,IL,Decatur,76122,39.85558226450,-88.9336983421
226,IL,Elgin,108188,42.03854024720,-88.3224947104
227,IL,Evanston,74486,42.04630996490,-87.6940348773
228,IL,Joliet,147433,41.52063900370,-88.1507097756
229,IL,Naperville,141853,41.74820011450,-88.1657705099
230,IL,Palatine,68557,42.11806636950,-88.0429898820
231,IL,Peoria,115007,40.75156841460,-89.6152554580
232,IL,Rockford,152871,42.26331800150,-89.0625958362
233,IL,Schaumburg,74227,42.03054887550,-88.0838663543
234,IL,Springfield,116250,39.77164733220,-89.6540780049
235,IL,Waukegan,89078,42.37029555820,-87.8712595095
236,IN,Bloomington,80405,39.16374582210,-86.5257124351
237,IN,Carmel,79191,39.96584046130,-86.1461278461
238,IN,Evansville,117429,37.98671580260,-87.5382707310
239,IN,Fishers,76794,39.95876352630,-85.9693107020
240,IN,Fort Wayne,253691,41.08849204170,-85.1435898792
241,IN,Gary,80294,41.59047792390,-87.3472907397
242,IN,Hammond,80830,41.61714428280,-87.4909551115
243,IN,Indianapolis,820445,39.77712210750,-86.1457821520
244,IN,Lafayette,67140,40.39942852850,-86.8617007404
245,IN,Muncie,70085,40.19870983240,-85.3942940148
246,IN,South Bend,101168,41.67699145490,-86.2690372417
247,IA,Cedar Rapids,126326,41.96672925800,-91.6781679349
248,IA,Davenport,99685,41.55579268760,-90.6051730163
249,IA,Des Moines,203433,41.57413495250,-93.6165066086
250,IA,Iowa City,67862,41.65589503320,-91.5308854927
251,IA,Sioux City,82684,42.49631490390,-96.3913834837
252,IA,Waterloo,68406,42.49197369320,-92.3521759342
253,KS,Kansas City,145786,39.12346214090,-94.7441921112
254,KS,Lawrence,87643,38.95993029240,-95.2628259088
255,KS,Olathe,125872,38.88469302100,-94.8192070197
256,KS,Overland Park,173372,38.88729225750,-94.6872267067
257,KS,Topeka,127473,39.03595499110,-95.6954155341
258,KS,Wichita,382368,37.69056147800,-97.3429366807
259,KY,Lexington,295803,38.04232540220,-84.4587259608
260,KY,Louisville,597337,38.17776899180,-85.6664099974
261,LA,Baton Rouge,229493,30.45108916790,-91.1263551997
262,LA,Kenner,66702,30.01069372010,-90.2550320135
263,LA,Lafayette,120623,30.21205828150,-92.0317532321
264,LA,Lake Charles,71993,30.20306799660,-93.2148796496
265,LA,New Orleans,343829,30.06870099350,-89.9316317895
266,LA,Shreveport,199311,32.46716188640,-93.7962236108
267,ME,Portland,66194,43.67798362710,-70.2752544531
268,MD,Baltimore,620961,39.30845239910,-76.6160492311
269,MA,Boston,617594,42.31557967770,-71.0916505804
270,MA,Brockton,93810,42.08207137200,-71.0241656338
271,MA,Cambridge,105162,42.37581880510,-71.1183992378
272,MA,Fall River,88857,41.71399075980,-71.0996396919
273,MA,Lawrence,76377,42.70027722010,-71.1626790341
274,MA,Lowell,106519,42.63887273310,-71.3217143960
275,MA,Lynn,90329,42.47833228810,-70.9662372538
276,MA,New Bedford,95072,41.67126672580,-70.9441204537
277,MA,Newton,85146,42.33165676160,-71.2084466944
278,MA,Quincy,92271,42.24929819180,-71.0218764062
279,MA,Somerville,75754,42.39057388580,-71.1017450879
280,MA,Springfield,153060,42.11549779990,-72.5395254143
281,MA,Worcester,181045,42.27054254460,-71.8079404584
282,MI,Ann Arbor,113934,42.27568335670,-83.7311374448
283,MI,Dearborn,98153,42.31268846260,-83.2129368006
284,MI,Detroit,713777,42.38470156310,-83.1053178776
285,MI,Farmington Hills,79740,42.48599569920,-83.3771159714
286,MI,Flint,102434,43.02363393860,-83.6920640313
287,MI,Grand Rapids,188040,42.96148154140,-85.6556858473
288,MI,Kalamazoo,74262,42.27487564740,-85.5881885760
289,MI,Lansing,114297,42.70907117510,-84.5584470022
290,MI,Livonia,96942,42.39715927370,-83.3733073683
291,MI,Rochester Hills,70995,42.66452567680,-83.1563037157
292,MI,Southfield,71739,42.47650162670,-83.2605284738
293,MI,Sterling Heights,129699,42.58098528300,-83.0303680858
294,MI,Troy,80980,42.58173403580,-83.1457545154
295,MI,Warren,134056,42.49342330340,-83.0270075248
296,MI,Westland,84094,42.31922204550,-83.3805461719
297,MI,Wyoming,72125,42.89097456610,-85.7067229249
298,MN,Bloomington,82893,44.83058524290,-93.3150995817
299,MN,Brooklyn Park,75781,45.11120339160,-93.3505067942
300,MN,Duluth,86265,46.78547034270,-92.1342013763
301,MN,Minneapolis,382578,44.96354079670,-93.2678345304
302,MN,Plymouth,70576,45.02246287400,-93.4616016242
303,MN,Rochester,106769,44.01505743840,-92.4775005494
304,MN,St. Paul,285068,44.94774025580,-93.1039958305
305,MS,Gulfport,67793,30.42737700800,-89.0701908439
306,MS,Jackson,173514,32.31627222000,-90.2124528561
307,MO,Columbia,108500,38.94811096510,-92.3260129764
308,MO,Independence,116830,39.08707947710,-94.3502748237
309,MO,Kansas City,459787,39.12394139710,-94.5541236795
310,MO,Lee's Summit,91364,38.91705081280,-94.3814865856
311,MO,O'Fallon,79329,38.78522441610,-90.7176856736
312,MO,St. Joseph,76780,39.75983121790,-94.8209246813
313,MO,St. Louis,319294,38.63581226150,-90.2451186799
314,MO,Springfield,159498,37.19426614840,-93.2914273656
315,MT,Billings,104170,45.78931026090,-108.548827840
316,MT,Missoula,66788,46.86944024550,-114.009863843
317,NE,Lincoln,258379,40.80961956950,-96.6806742049
318,NE,Omaha,408958,41.26423091110,-96.0415076441
319,NV,Henderson,257729,36.01223949160,-115.037392161
320,NV,Las Vegas,583756,36.22741484380,-115.262670095
321,NV,North Las Vegas,216961,36.28919935620,-115.088496088
322,NV,Reno,225221,39.55401719980,-119.852733516
323,NV,Sparks,90264,39.57337327600,-119.713134168
324,NH,Manchester,109565,42.98445417130,-71.4445313287
325,NH,Nashua,86494,42.74915544590,-71.4909587631
326,NJ,Camden,77344,39.93619100660,-75.1072961899
327,NJ,Clifton,84136,40.86312174250,-74.1575145342
328,NJ,Elizabeth,124969,40.66644477290,-74.1938679138
329,NJ,Jersey City,247597,40.71881308520,-74.0687740635
330,NJ,Newark,277140,40.72606934490,-74.1752997118
331,NJ,Passaic,69781,40.85745811090,-74.1281123174
332,NJ,Paterson,146199,40.91468749770,-74.1624181271
333,NJ,Trenton,84913,40.22372899810,-74.7639943311
334,NJ,Union City,66455,40.76746068840,-74.0322935070
335,NM,Albuquerque,545852,35.10550257710,-106.647447696
336,NM,Las Cruces,97618,32.32663879700,-106.789465579
337,NM,Rio Rancho,87521,35.28730793500,-106.697981552
338,NM,Santa Fe,67947,35.66627196010,-105.972662995
339,NY,Albany,97856,42.66639696040,-73.7986826267
340,NY,Buffalo,261310,42.90145182330,-78.8475237264
341,NY,Mount Vernon,67292,40.91360085690,-73.8291001676
342,NY,New Rochelle,77062,40.93217131410,-73.7843883178
343,NY,New York,8175133,40.69496068900,-73.9313850409
344,NY,Rochester,210565,43.16798029180,-77.6162348882
345,NY,Schenectady,66135,42.80252044140,-73.9275333869
346,NY,Syracuse,145170,43.04092020970,-76.1437679213
347,NY,Yonkers,195976,40.94650255970,-73.8636959965
348,NC,Asheville,83393,35.57082513910,-82.5537350816
349,NC,Cary,135234,35.78149787220,-78.8152191642
350,NC,Charlotte,731424,35.20787219690,-80.8300754645
351,NC,Concord,79066,35.39393169580,-80.6352429349
352,NC,Durham,228330,35.98091474020,-78.9059161097
353,NC,Fayetteville,200564,35.08513095270,-78.9791676456
354,NC,Gastonia,71741,35.24729844310,-81.1836588468
355,NC,Greensboro,269666,36.09604804150,-79.8276833061
356,NC,Greenville,84554,35.59592118760,-77.3766133673
357,NC,High Point,104371,35.98812438030,-79.9932956384
358,NC,Jacksonville,70145,34.73311030370,-77.3951822819
359,NC,Raleigh,403892,35.83220809330,-78.6440243809
360,NC,Wilmington,106476,34.21027585690,-77.8872842368
361,NC,Winston-Salem,229617,36.10294530390,-80.2609889241
362,ND,Fargo,105549,46.86524578320,-96.8289882328
363,OH,Akron,199110,41.08014449420,-81.5219213688
364,OH,Canton,73007,40.80801926620,-81.3676594998
365,OH,Cincinnati,296943,39.14117471240,-84.5060004524
366,OH,Cleveland,396815,41.47653458210,-81.6805494865
367,OH,Columbus,787033,39.98595004840,-82.9851738516
368,OH,Dayton,141527,39.77976803900,-84.1997930517
369,OH,Parma,81601,41.38423998380,-81.7285991530
370,OH,Toledo,287208,41.66373996040,-83.5823818449
371,OH,Youngstown,66982,41.09932866070,-80.6463187081
372,OK,Broken Arrow,98850,36.03663249110,-95.7809572414
373,OK,Edmond,81405,35.66893505160,-97.4159205309
374,OK,Lawton,96867,34.61705648990,-98.4203934803
375,OK,Norman,110925,35.23350326470,-97.3470413838
376,OK,Oklahoma City,579999,35.46756428800,-97.5137615524
377,OK,Tulsa,391906,36.12842134250,-95.9036195464
378,OR,Beaverton,89803,45.47957656740,-122.814973469
379,OR,Bend,76639,44.05618271840,-121.308690416
380,OR,Eugene,156185,44.05593633460,-123.117327584
381,OR,Gresham,105594,45.50242567980,-122.441469029
382,OR,Hillsboro,91611,45.52902799400,-122.937442209
383,OR,Medford,74907,42.33719875840,-122.853625909
384,OR,Portland,583776,45.53718065400,-122.650032751
385,OR,Salem,154637,44.92327315400,-123.024867100
386,PA,Allentown,118032,40.59609961800,-75.4755373968
387,PA,Bethlehem,74982,40.62664025780,-75.3679048175
388,PA,Erie,101786,42.11646987540,-80.0730358517
389,PA,Philadelphia,1526006,40.00931478080,-75.1333888571
390,PA,Pittsburgh,305704,40.43962974860,-79.9762614995
391,PA,Reading,88082,40.33996786860,-75.9266128837
392,PA,Scranton,76089,41.40437293620,-75.6649126898
393,RI,Cranston,80387,41.76580171350,-71.4861485002
394,RI,Pawtucket,71148,41.87445345170,-71.3743580803
395,RI,Providence,178042,41.82348053300,-71.4218129335
396,RI,Warwick,82672,41.70647273010,-71.4345615049
397,SC,Charleston,120083,32.81369618920,-79.9673818990
398,SC,Columbia,129272,34.03660695660,-80.9037852694
399,SC,Mount Pleasant,67843,32.85382745840,-79.8230343029
400,SC,North Charleston,97471,32.91009150710,-80.0738525014
401,SC,Rock Hill,66154,34.94036114960,-81.0249178286
402,SD,Rapid City,67956,44.07050095640,-103.218361421
403,SD,Sioux Falls,153888,43.53880675370,-96.7313495858
404,TN,Chattanooga,167674,35.06624721650,-85.2466771892
405,TN,Clarksville,132929,36.56968315900,-87.3432371614
406,TN,Knoxville,178874,35.96905945310,-83.9495877264
407,TN,Memphis,646889,35.10462950420,-89.9789060850
408,TN,Murfreesboro,108755,35.85077819500,-86.4086282380
409,TN,Nashville,601222,36.17122299040,-86.7845944773
410,TX,Abilene,117063,32.45465108980,-99.7383043723
411,TX,Allen,84246,33.10870432340,-96.6735373763
412,TX,Amarillo,190695,35.20038355440,-101.828292514
413,TX,Arlington,365438,32.69983686200,-97.1250896120
414,TX,Austin,790390,30.30686103420,-97.7554771245
415,TX,Baytown,71802,29.75711530430,-94.9676276217
416,TX,Beaumont,118296,30.08441664700,-94.1441072222
417,TX,Brownsville,175023,25.99819778610,-97.4566343763
418,TX,Bryan,76201,30.66656875820,-96.3663819223
419,TX,Carrollton,119097,32.98843845900,-96.9001374330
420,TX,College Station,93857,30.58676158010,-96.2957958614
421,TX,Corpus Christi,305215,27.72915883370,-97.4019095379
422,TX,Dallas,1197816,32.79398040660,-96.7656929463
423,TX,Denton,113383,33.21561604430,-97.1412438684
424,TX,Edinburg,77100,26.31558439740,-98.1637130371
425,TX,El Paso,649121,31.84811235060,-106.432021874
426,TX,Fort Worth,741206,32.78019280400,-97.3470323225
427,TX,Frisco,116989,33.15075451520,-96.8201336312
428,TX,Garland,226876,32.91007998670,-96.6304258603
429,TX,Grand Prairie,175396,32.68676502380,-97.0209311916
430,TX,Houston,2099451,29.78066913960,-95.3860033966
431,TX,Irving,216290,32.85838081310,-96.9703058323
432,TX,Killeen,127921,31.07576481430,-97.7285651299
433,TX,Laredo,236091,27.54825724750,-99.4867797312
434,TX,League City,83560,29.48729958080,-95.1089858945
435,TX,Lewisville,95290,33.04519924290,-96.9829273031
436,TX,Longview,80455,32.51928578560,-94.7621975980
437,TX,Lubbock,229573,33.56662511780,-101.886335663
438,TX,McAllen,129877,26.21862899420,-98.2451704536
439,TX,McKinney,131117,33.19888869520,-96.6677029773
440,TX,Mesquite,139824,32.76413101660,-96.5927445114
441,TX,Midland,111147,32.02859483560,-102.109700973
442,TX,Mission,77058,26.20334064640,-98.3227705130
443,TX,Missouri City,67358,29.56367466100,-95.5382066661
444,TX,Odessa,99940,31.87945646100,-102.344465435
445,TX,Pasadena,149043,29.65895114880,-95.1509173148
446,TX,Pearland,91252,29.55848505770,-95.3208389111
447,TX,Pharr,70400,26.16881539900,-98.1904720704
448,TX,Plano,259841,33.05021492780,-96.7486409797
449,TX,Richardson,99223,32.97165823890,-96.7093052991
450,TX,Round Rock,99887,30.52395782350,-97.6669801882
451,TX,San Angelo,93200,31.44046874600,-100.452243142
452,TX,San Antonio,1327407,29.47214753330,-98.5246763525
453,TX,Sugar Land,78817,29.59746809020,-95.6274557750
454,TX,Tyler,96900,32.31540211830,-95.3050093799
455,TX,Waco,124805,31.55976071370,-97.1883333282
456,TX,Wichita Falls,104553,33.90727398380,-98.5292981697
457,UT,Layton,67311,41.07718161400,-111.961589302
458,UT,Ogden,82825,41.22815675350,-111.967450557
459,UT,Orem,88328,40.29871276250,-111.699188517
460,UT,Provo,112488,40.24571852880,-111.645715857
461,UT,St. George,72897,37.07874446340,-113.579352503
462,UT,Salt Lake City,186440,40.77784894650,-111.931220784
463,UT,Sandy,87461,40.57022544230,-111.852431062
464,UT,West Jordan,103712,40.60225986350,-112.000961848
465,UT,West Valley City,129480,40.68876969620,-112.011667394
466,VT,Burlington,42417,44.48762456940,-73.2314828365
467,VA,Alexandria,139966,38.81873515570,-77.0867762661
468,VA,Chesapeake,222209,36.67775211180,-76.3024325925
469,VA,Hampton,137436,37.05330090250,-76.3665945624
470,VA,Lynchburg,75568,37.40041630160,-79.1911081000
471,VA,Newport News,180719,37.10511413090,-76.5182644502
472,VA,Norfolk,242803,36.89328630060,-76.2567157761
473,VA,Portsmouth,95535,36.84514502280,-76.3552763467
474,VA,Richmond,204214,37.52939330830,-77.4755681680
475,VA,Roanoke,97032,37.27821818550,-79.9581615989
476,VA,Suffolk,84585,36.69303679810,-76.6414278469
477,VA,Virginia Beach,437994,36.75345933390,-76.0589579522
478,WA,Auburn,70180,47.30385443250,-122.210810557
479,WA,Bellevue,122363,47.59624376060,-122.153569982
480,WA,Bellingham,80885,48.75353703150,-122.468092906
481,WA,Everett,103019,47.94979661890,-122.160703911
482,WA,Federal Way,89306,47.30908463160,-122.335755583
483,WA,Kennewick,73917,46.19843842800,-119.173245847
484,WA,Kent,92411,47.38496362720,-122.217890194
485,WA,Renton,90927,47.47605467520,-122.191153327
486,WA,Seattle,608660,47.62215433800,-122.323532482
487,WA,Spokane,208916,47.67362432590,-117.415973291
488,WA,Spokane Valley,89755,47.66255657400,-117.234571922
489,WA,Tacoma,198397,47.24254114450,-122.454473910
490,WA,Vancouver,161791,45.63571723650,-122.598539476
491,WA,Yakima,91067,46.59257920920,-120.547807614
492,WV,Charleston,51400,38.34840797360,-81.6321650030
493,WI,Appleton,72623,44.27769874570,-88.3897664444
494,WI,Green Bay,104057,44.51498478160,-87.9896195955
495,WI,Kenosha,99218,42.58557027100,-87.8735745085
496,WI,Madison,233209,43.08098656940,-89.3915106344
497,WI,Milwaukee,594833,43.06412589250,-87.9672412429
498,WI,Racine,78860,42.72745994940,-87.8134530240
499,WI,Waukesha,70718,43.00933322150,-88.2457679157
500,WY,Cheyenne,59466,41.14608042650,-104.789064332
